id;nom;prenom;date_naissance;role;pseudo;mot_de_passe
1;Cambodia Rustic Dynamic;blue;2020-11-12;Berkshire superstructure;innovative;Communications Jewelery
2;project viral;North Dakota;2020-11-12;Solutions Unbranded Granite Keyboard;Fantastic Sports azure;instruction set
3;withdrawal firewall Isle of Man;National;2020-11-12;Granite Somali Shilling;calculating context-sensitive;strategic PNG Checking Account
4;maximized brand French Guiana;granular Chair;2020-11-12;Angola US Dollar;synergies application;navigate Intelligent Wooden Shoes
5;Tajikistan incubate Sharable;PCI azure;2020-11-11;Infrastructure bandwidth Ergonomic;Bedfordshire;Auto Loan Account
6;Home Loan Account South Dakota;attitude-oriented Infrastructure;2020-11-11;tangible definition Greece;FTP;Fantastic Steel Fish sticky productize
7;rich;Orchestrator synthesizing;2020-11-12;UAE Dirham Direct;SQL International Games;Fresh communities
8;grid-enabled;Open-source;2020-11-12;GB;Alaska;Monaco THX
9;Switzerland framework;orchid Cambridgeshire;2020-11-12;TCP Sports;back-end initiatives;SCSI
10;end-to-end Wooden Baby;bus panel;2020-11-12;schemas transmit;Berkshire program;mesh
